{"accuracy": 0.7860000000000006, "mse": 0.02359442719365586}