{"accuracy": 0.7050000000000005, "mse": 4.479052686720306e-05}