{"accuracy": 0.7080000000000005, "mse": 0.00022651254925398933}