{"accuracy": 0.8620000000000007, "mse": 0.003781317162243469}