{"accuracy": 0.6730000000000005, "mse": 8.76675218636898e-05}